{
  "lang":"pt",
  "name":"pipeline",
  "version":"0.0.0",
  "spacy_version":">=3.1.0,<3.2.0",
  "description":"",
  "author":"",
  "email":"",
  "url":"",
  "license":"",
  "spacy_git_version":"530b5d72f",
  "vectors":{
    "width":0,
    "vectors":0,
    "keys":0,
    "name":null
  },
  "labels":{
    "tok2vec":[

    ],
    "ner":[
      "cargo",
      "curso",
      "endereco",
      "nome",
      "org"
    ]
  },
  "pipeline":[
    "tok2vec",
    "ner"
  ],
  "components":[
    "tok2vec",
    "ner"
  ],
  "disabled":[

  ],
  "performance":{
    "ents_f":0.9803389831,
    "ents_p":0.9763673194,
    "ents_r":0.9843430905,
    "ents_per_type":{
      "nome":{
        "p":1.0,
        "r":1.0,
        "f":1.0
      },
      "cargo":{
        "p":0.9949238579,
        "r":0.98,
        "f":0.9874055416
      },
      "org":{
        "p":0.9981751825,
        "r":0.9963570128,
        "f":0.9972652689
      },
      "endereco":{
        "p":0.8801652893,
        "r":0.963800905,
        "f":0.9200863931
      },
      "curso":{
        "p":0.9848484848,
        "r":0.975,
        "f":0.9798994975
      }
    },
    "tok2vec_loss":323.8307208941,
    "ner_loss":730.1017889683
  }
}